prot,sub,rep,n.8mers.ref,n.8mers.alt,aff.change,aff.change.pval,spec.change
BCL6,H676Y,R1,35,5,-,6.04E-19,No
CRX,V66I,R1,157,154,0,1,No
ESX1,K193R,R1,207,199,0,1,No
GFI1,L400F,R1,132,130,0,1,No
GFI1B,A204T,R2,102,103,0,1,No
HESX1,N125S,R1,181,169,0,1,Yes
HOXB7,K191R,R2,14,2,-,4.01E-08,No
HOXB7,M190L,R2,14,0,-,9.38E-16,No
HOXB7,R189C,R1,12,0,-,1.73E-17,No
HOXC4,N178S,R1,193,197,0,1,No
HOXC4,R158L,R2,186,148,0,1,Yes
HOXD13,I297V,R2,143,147,0,1,No
HOXD13,N298S,R2,143,159,0,1,No
ISX,R83Q,R2,193,197,+,0.00470421,No
KLF11,R402Q,R1,19,20,0,1,No
NKX2-8,A94T,R1,164,150,0,1,No
NR1H4,C144R,R1,203,0,-,6.04E-19,No
NR2E3,R77Q,R1,10,1,-,2.64E-07,No
OVOL2,D228E,R1,145,147,0,1,No
PAX4,R183C,R1,171,18,-,4.47E-15,No
PAX4,R192H,R2,164,156,0,1,Yes
PAX4,R192S,R2,164,136,0,0.803837186,Yes
PAX7,P112L,R1,17,12,0,0.032141869,No
PBX4,R215Q,R2,57,6,-,6.04E-19,No
POU3F4,G237A,R1,102,120,0,1,No
POU6F2,E639K,R1,127,73,0,1,No
PROP1,R112Q,R1,166,202,0,1,No
SIX6,H141N,R2,113,104,0,1,No
SNAI2,T234I,R1,117,97,0,1,No
VAX2,L139M,R2,173,176,0,1,No
VENTX,E101K,R1,48,11,-,1.66E-13,No
VENTX,R143C,R1,48,0,-,1.74E-18,No
VSX1,R166Q,R1,180,195,0,1,No
ZNF200,H322Y,R1,117,0,-,1.76E-18,No
ZNF200,S265Y,R1,117,104,0,1.00E+00,Yes
ZNF655,E327G,R2,98,128,0,1,No
ZNF655,S393L,R1,115,108,0,1,No
ARX,L343Q,R1,218,0,-,7.79E-18,No
ARX,P353L,R1,218,207,0,1,Yes
ARX,P353R,R1,218,0,-,7.79E-18,No
ARX,R332H,R1,218,2,-,7.79E-18,No
ARX,T333N,R1,218,151,0,1,Yes
CRX,E80A,R1,157,132,0,1,No
CRX,R41Q,R1,157,120,0,1,No
CRX,R41W,R1,157,78,0,0.925685348,Yes
CRX,R90W,R1,157,12,-,7.79E-18,No
EGR2,D383Y,R1,142,114,-,7.92E-13,Yes
EGR2,E412K,R1,142,149,-,1.63E-11,Yes
EGR2,R359W,R1,142,83,-,6.71E-05,Yes
EGR2,R409W,R1,142,94,-,1.15E-17,Yes
FOXC1,F112S,R1,68,0,-,1.04E-17,No
FOXC1,I126M,R1,68,0,-,1.04E-17,No
FOXC1,L130F,R1,68,0,-,1.04E-17,No
FOXC1,P79L,R1,68,0,-,1.04E-17,No
FOXC1,S131L,R1,68,0,-,1.04E-17,No
FOXC1,S82T,R1,68,47,0,1,No
GFI1,N382S,R1,132,7,-,1.74E-18,No
HESX1,E149K,R1,161,142,0,1,No
HESX1,R160C,R1,161,0,-,3.37E-18,No
HOXD13,I322L,R2,143,138,-,4.52E-10,Yes
HOXD13,Q325K,R2,143,144,-,1.32E-11,Yes
HOXD13,Q325R,R2,143,153,0,0.066583383,Yes
HOXD13,R306W,R2,143,193,0,0.001706735,Yes
HOXD13,S316C,R2,143,171,0,1,No
KLF1,E325K,R1,33,188,-,5.33E-10,Yes
KLF1,H299Y,R1,82,9,-,1.04E-17,No
KLF1,R328H,R1,82,0,-,1.74E-18,No
MSX2,P148H,R1,190,195,-,2.64E-07,Yes
MSX2,R172H,R1,190,181,0,1,Yes
NKX2-5,K183E,R1,172,60,-,0.000591519,No
NKX2-5,R161P,R1,172,169,0,1,No
NKX2-5,R190C,R1,172,3,-,5.44E-18,No
NKX2-5,T178M,R1,172,3,-,5.44E-18,No
NR2E3,G56R,R1,10,2,-,1.73E-13,No
NR2E3,R76Q,R1,10,0,-,6.81E-18,No
NR2E3,R76W,R1,10,0,-,6.81E-18,No
PAX3,G48R,R1,162,146,0,1,No
PAX3,N47H,R1,162,161,0,1,No
PAX3,N47K,R1,162,139,0,1,Yes
PAX3,P50L,R1,162,186,0,1,No
PAX3,R270C,R1,162,0,-,1.23E-17,No
PAX3,R56L,R1,162,174,0,1,No
PAX3,Y90H,R1,162,128,0,1,No
PAX4,R133W,R1,171,36,-,2.77E-10,No
PAX6,A79E,R1,6,0,-,1.23E-17,No
PAX6,F258S,R1,16,15,0,0.001706735,Yes
PAX6,P118R,R1,6,44,0,1,Yes
PAX6,P68S,R1,6,0,-,1.23E-17,No
PAX6,R128C,R1,6,0,-,1.23E-17,No
PAX6,R242T,R1,16,15,0,1,No
PAX6,R26G,R1,6,0,-,1.23E-17,No
PAX6,S119R,R1,6,0,-,1.23E-17,No
PAX6,V126D,R1,6,0,-,1.23E-17,No
PHOX2B,Q143R,R1,37,88,0,0.019152873,No
PHOX2B,R100L,R1,37,0,-,5.44E-18,No
PHOX2B,R141G,R1,37,0,-,7.02E-18,No
PHOX2B,R141Q,R1,37,30,0,0.012270649,Yes
PITX2,L100Q,R1,117,111,0,1,No
PITX2,R108H,R2,105,57,0,0.003768732,Yes
PITX2,R130W,R1,117,0,-,5.44E-18,No
PITX2,T114P,R1,105,94,0,1,Yes
POU3F4,A312V,R1,102,73,0,0.007228302,No
POU3F4,R323G,R1,102,34,-,2.68E-08,No
POU4F3,L289F,R1,185,76,-,2.72E-11,No
PROP1,R99Q,R1,166,177,0,0.050691169,No
SNAI2,D119E,R1,117,140,0,1,No
SIX6,T165A,R1,113,123,0,1,No
VSX1,G160D,R1,180,192,0,1,No
VSX1,Q175H,R1,180,189,0,1,No
VSX2,R200P,R1,206,0,-,1.74E-18,No
VSX2,R200Q,R1,206,85,-,1.22E-06,No
WT1,F392L,R1,36,0,-,2.41E-17,No
WT1,H373Y,R1,36,0,-,1.04E-17,No
WT1,R366C,R1,36,2,-,1.41E-15,No
WT1,R366L,R1,36,2,-,1.41E-15,No
WT1,R394L,R1,36,0,-,1.04E-17,No
WT1,R394W,R1,36,0,-,1.04E-17,No